,time,FRED_NFCI close,FRED_NFCI Short Period Moving Average,SP_SPX_(TVC_US03Y+3.5-0.5_ECONOMICS_USGDPYY)_ECONOMICS_USM2_10000000000 close,SP_SPX_(TVC_US03Y+3.5-0.5_ECONOMICS_USGDPYY)_ECONOMICS_USM2_10000000000 Short Period Moving Average,MULTPL_SP500_PE_RATIO_MONTH close,MULTPL_SP500_PE_RATIO_MONTH Short Period Moving Average,TLT close,SPX close
4923,1400.5,-0.78161,-0.7719799999999998,5.8477513109339645,5.143061049786978,18.46,18.24142857142857,112.7,1900.53
4924,1401.0,-0.79012,-0.774482857142857,5.8477513109339645,5.143061049786978,18.88,18.345714285714287,114.1,1949.44
4925,1401.5,-0.79705,-0.7782985714285713,5.213606849254846,5.19287257247101,18.88,18.345714285714287,111.59,1949.44
4926,1402.0,-0.79705,-0.7782985714285713,5.213606849254846,5.19287257247101,18.88,18.345714285714287,111.59,1949.44
4927,1402.5,-0.80044,-0.7828485714285713,5.213606849254846,5.19287257247101,18.88,18.345714285714287,112.15,1962.87
4928,1403.0,-0.79982,-0.7874157142857141,5.213606849254846,5.19287257247101,18.88,18.345714285714287,111.8,1962.87
4929,1403.5,-0.79499,-0.7910885714285713,5.213606849254846,5.19287257247101,18.88,18.345714285714287,113.24,1985.44
4930,1404.0,-0.78698,-0.7930014285714284,5.355744842559637,5.298508446732355,18.96,18.47714285714286,110.68,1985.44
4931,1404.5,-0.77722,-0.7923742857142856,5.355744842559637,5.298508446732355,18.96,18.47714285714286,113.58,1978.22
4932,1405.0,-0.77722,-0.7923742857142856,5.355744842559637,5.298508446732355,18.96,18.47714285714286,113.58,1978.22
4933,1405.5,-0.76616,-0.7889514285714283,5.355744842559637,5.298508446732355,18.96,18.47714285714286,114.52,1978.22
4934,1406.0,-0.75549,-0.7830142857142856,5.355744842559637,5.298508446732355,18.96,18.47714285714286,115.67,1925.15
4935,1406.5,-0.7452,-0.775122857142857,5.355744842559637,5.298508446732355,18.68,18.552857142857142,114.56,1925.15
4936,1407.0,-0.73731,-0.766192857142857,5.415413786192572,5.452565484737302,18.68,18.552857142857142,115.52,1955.06
4937,1407.5,-0.7334,-0.7573942857142856,5.415413786192572,5.452565484737302,18.68,18.552857142857142,115.52,1955.06
4938,1408.0,-0.7334,-0.7573942857142856,5.415413786192572,5.452565484737302,18.68,18.552857142857142,117.71,1955.06
4939,1408.5,-0.73109,-0.7494099999999999,5.415413786192572,5.452565484737302,18.68,18.552857142857142,117.29,2003.37
4940,1409.0,-0.72841,-0.7424371428571427,5.415413786192572,5.452565484737302,18.68,18.552857142857142,119.05,2003.37
4941,1409.5,-0.72392,-0.736402857142857,5.122184841114089,5.551794890188292,18.81,18.66,115.73,1985.54
4942,1410.0,-0.7139,-0.7304614285714284,5.122184841114089,5.551794890188292,18.81,18.66,113.38,1985.54
4943,1410.5,-0.69666,-0.7235271428571427,5.122184841114089,5.551794890188292,18.81,18.66,113.38,1985.54
4944,1411.0,-0.69666,-0.7235271428571427,5.122184841114089,5.551794890188292,18.81,18.66,114.6,1982.85
4945,1411.5,-0.67462,-0.7145714285714284,5.122184841114089,5.551794890188292,18.81,18.66,116.0,1982.85
4946,1412.0,-0.65201,-0.7029442857142855,4.9561120576918425,5.406769754553603,18.5,18.662857142857145,117.7,1906.13
4947,1412.5,-0.63496,-0.6892114285714284,4.9561120576918425,5.406769754553603,18.5,18.662857142857145,120.05,1906.13
4948,1413.0,-0.62466,-0.6743899999999997,4.9561120576918425,5.406769754553603,18.5,18.662857142857145,121.07,1964.58
4949,1413.5,-0.62466,-0.6743899999999997,4.9561120576918425,5.406769754553603,18.5,18.662857142857145,121.07,1964.58
4950,1414.0,-0.62804,-0.660692857142857,4.9561120576918425,5.406769754553603,18.5,18.662857142857145,119.72,1964.58
4951,1414.5,-0.63848,-0.6499185714285712,4.9561120576918425,5.406769754553603,19.75,18.86285714285714,119.25,2031.92
4952,1415.0,-0.65199,-0.6435371428571426,5.09218040704662,5.286142013541938,19.75,18.86285714285714,119.75,2031.92
4953,1415.5,-0.66146,-0.6416571428571426,5.09218040704662,5.286142013541938,19.75,18.86285714285714,119.49,2063.5
4954,1416.0,-0.66176,-0.6430499999999998,5.09218040704662,5.286142013541938,19.75,18.86285714285714,120.1,2063.5
4955,1416.5,-0.66176,-0.6430499999999998,5.09218040704662,5.286142013541938,19.75,18.86285714285714,120.1,2063.5
4956,1417.0,-0.65291,-0.6456142857142854,5.09218040704662,5.286142013541938,19.75,18.86285714285714,122.49,2075.37
4957,1417.5,-0.6364,-0.6472914285714282,5.717797040711597,5.267577117795885,20.08,19.094285714285714,121.09,2075.37
4958,1418.0,-0.61319,-0.6451699999999997,5.717797040711597,5.267577117795885,20.08,19.094285714285714,126.3,2070.65
4959,1418.5,-0.58858,-0.6380414285714282,5.717797040711597,5.267577117795885,20.08,19.094285714285714,125.87,2070.65
4960,1419.0,-0.56661,-0.6258442857142855,5.717797040711597,5.267577117795885,20.08,19.094285714285714,125.87,2070.65
4961,1419.5,-0.56661,-0.6258442857142855,5.717797040711597,5.267577117795885,20.08,19.094285714285714,124.41,2058.2
4962,1420.0,-0.54408,-0.6090757142857139,5.083027035579883,5.248922858699461,20.02,19.25714285714286,127.32,2058.2
4963,1420.5,-0.52454,-0.5894728571428569,5.083027035579883,5.248922858699461,20.02,19.25714285714286,131.07,2019.42
4964,1421.0,-0.50757,-0.5687099999999997,5.083027035579883,5.248922858699461,20.02,19.25714285714286,133.19,2019.42
4965,1421.5,-0.4969,-0.5487814285714283,5.083027035579883,5.248922858699461,20.02,19.25714285714286,133.19,2019.42
4966,1422.0,-0.49262,-0.5315571428571426,5.083027035579883,5.248922858699461,20.77,19.515714285714285,134.77,1994.99
4967,1422.5,-0.49262,-0.5315571428571426,5.083027035579883,5.248922858699461,20.77,19.515714285714285,138.28,1994.99
4968,1423.0,-0.49504,-0.5181942857142855,5.683148083891506,5.2956947503183,20.77,19.515714285714285,130.96,2096.99
4969,1423.5,-0.5023,-0.5090071428571427,5.683148083891506,5.2956947503183,20.77,19.515714285714285,128.19,2096.99
4970,1424.0,-0.51201,-0.5044257142857141,5.683148083891506,5.2956947503183,20.77,19.515714285714285,126.54,2104.5
4971,1424.5,-0.52061,-0.5038642857142854,5.683148083891506,5.2956947503183,20.96,19.84142857142857,129.53,2104.5
4972,1425.0,-0.52061,-0.5038642857142854,5.683148083891506,5.2956947503183,20.96,19.84142857142857,129.53,2104.5
4973,1425.5,-0.52537,-0.5064071428571426,4.200651652666952,5.122157302671782,20.96,19.84142857142857,123.5,2053.4
4974,1426.0,-0.52753,-0.5107828571428569,4.200651652666952,5.122157302671782,20.96,19.84142857142857,126.72,2053.4
4975,1426.5,-0.52945,-0.5160442857142854,4.200651652666952,5.122157302671782,20.96,19.84142857142857,131.51,2061.02
4976,1427.0,-0.53173,-0.521285714285714,4.200651652666952,5.122157302671782,20.96,19.84142857142857,131.06,2061.02
4977,1427.5,-0.53499,-0.5259557142857141,4.200651652666952,5.122157302671782,21.42,20.214285714285715,130.73,2102.06
4978,1428.0,-0.53499,-0.5259557142857141,4.189140841627919,4.988865302745187,21.42,20.214285714285715,130.73,2102.06
4979,1428.5,-0.53902,-0.5298142857142855,4.189140841627919,4.988865302745187,21.42,20.214285714285715,129.62,2102.06
4980,1429.0,-0.5412,-0.5327557142857141,4.189140841627919,4.988865302745187,21.42,20.214285714285715,131.45,2117.69
4981,1429.5,-0.5417,-0.5350885714285712,4.189140841627919,4.988865302745187,21.42,20.214285714285715,129.07,2117.69
4982,1430.0,-0.53877,-0.5366942857142856,4.189140841627919,4.988865302745187,21.92,20.702857142857145,124.0,2116.1
4983,1430.5,-0.53421,-0.5373742857142855,4.342674174842156,4.901231319480945,21.92,20.702857142857145,122.51,2116.1
4984,1431.0,-0.53421,-0.5373742857142855,4.342674174842156,4.901231319480945,21.92,20.702857142857145,122.51,2116.1
4985,1431.5,-0.53155,-0.5373485714285712,4.342674174842156,4.901231319480945,21.92,20.702857142857145,121.59,2126.06
4986,1432.0,-0.5313,-0.5368214285714283,4.342674174842156,4.901231319480945,21.92,20.702857142857145,120.4,2126.06
4987,1432.5,-0.53158,-0.5357585714285712,4.342674174842156,4.901231319480945,21.92,20.702857142857145,122.71,2092.83
4988,1433.0,-0.5319,-0.5344299999999998,4.870455888286155,4.869556388229451,22.12,21.041428571428572,117.6,2092.83
4989,1433.5,-0.53059,-0.532842857142857,4.870455888286155,4.869556388229451,22.12,21.041428571428572,117.6,2092.83
4990,1434.0,-0.53059,-0.532842857142857,4.870455888286155,4.869556388229451,22.12,21.041428571428572,117.95,2109.99
4991,1434.5,-0.52617,-0.5310428571428569,4.870455888286155,4.869556388229451,22.12,21.041428571428572,119.08,2109.99
4992,1435.0,-0.52156,-0.5292357142857141,4.870455888286155,4.869556388229451,22.12,21.041428571428572,115.23,2076.78
4993,1435.5,-0.51567,-0.5269671428571426,4.870455888286155,4.869556388229451,22.4,21.372857142857143,116.0,2076.78
4994,1436.0,-0.51299,-0.5243514285714284,5.066717387855501,4.776545009250008,22.4,21.372857142857143,116.05,2126.64
4995,1436.5,-0.5118,-0.521525714285714,5.066717387855501,4.776545009250008,22.4,21.372857142857143,116.05,2126.64
4996,1437.0,-0.5118,-0.521525714285714,5.066717387855501,4.776545009250008,22.4,21.372857142857143,118.72,2126.64
4997,1437.5,-0.50715,-0.5179899999999997,5.066717387855501,4.776545009250008,22.4,21.372857142857143,121.39,2103.84
4998,1438.0,-0.49589,-0.5130328571428568,5.066717387855501,4.776545009250008,22.15,21.677142857142854,122.53,2103.84
4999,1438.5,-0.47767,-0.5061042857142855,4.7240265374846695,4.725259223807835,22.15,21.677142857142854,124.34,2091.54
5000,1439.0,-0.45402,-0.496455714285714,4.7240265374846695,4.725259223807835,22.15,21.677142857142854,123.96,2091.54
5001,1439.5,-0.45402,-0.496455714285714,4.7240265374846695,4.725259223807835,22.15,21.677142857142854,123.96,2091.54
5002,1440.0,-0.42771,-0.4838899999999997,4.7240265374846695,4.725259223807835,22.15,21.677142857142854,126.4,1988.87
5003,1440.5,-0.40418,-0.468345714285714,4.7240265374846695,4.725259223807835,22.15,21.677142857142854,122.36,1988.87
5004,1441.0,-0.39063,-0.451035714285714,5.0303153279002855,4.631997401523376,21.45,21.77428571428572,122.68,1961.05
5005,1441.5,-0.38648,-0.4337971428571426,5.0303153279002855,4.631997401523376,21.45,21.77428571428572,121.39,1961.05
5006,1442.0,-0.3904,-0.4187271428571426,5.0303153279002855,4.631997401523376,21.45,21.77428571428572,122.1,1931.34
5007,1442.5,-0.3904,-0.4187271428571426,5.0303153279002855,4.631997401523376,21.45,21.77428571428572,122.1,1931.34
5008,1443.0,-0.40085,-0.4077528571428569,5.0303153279002855,4.631997401523376,21.45,21.77428571428572,121.54,1931.34
5009,1443.5,-0.41423,-0.4020685714285711,5.610187079351683,4.83335960533548,22.68,22.020000000000003,124.56,2014.89
5010,1444.0,-0.43248,-0.4027499999999998,5.610187079351683,4.83335960533548,22.68,22.020000000000003,122.28,2014.89
5011,1444.5,-0.44851,-0.4090828571428568,5.610187079351683,4.83335960533548,22.68,22.020000000000003,123.93,2075.15
5012,1445.0,-0.46334,-0.4194699999999997,5.610187079351683,4.83335960533548,22.68,22.020000000000003,123.93,2075.15
5013,1445.5,-0.46334,-0.4194699999999997,5.610187079351683,4.83335960533548,22.68,22.020000000000003,123.2,2075.15
5014,1446.0,-0.47534,-0.4321642857142854,5.610187079351683,4.83335960533548,23.67,22.341428571428573,122.78,2099.2
5015,1446.5,-0.48224,-0.4452842857142854,5.8699325417792805,5.073472705357103,23.67,22.341428571428573,119.0,2099.2
5016,1447.0,-0.4805,-0.4566628571428568,5.8699325417792805,5.073472705357103,23.67,22.341428571428573,119.68,2089.17
5017,1447.5,-0.47103,-0.4647771428571426,5.8699325417792805,5.073472705357103,23.67,22.341428571428573,120.45,2089.17
5018,1448.0,-0.45507,-0.4680042857142855,5.8699325417792805,5.073472705357103,23.67,22.341428571428573,120.45,2089.17
5019,1448.5,-0.45507,-0.4680042857142855,5.8699325417792805,5.073472705357103,23.67,22.341428571428573,120.97,2091.69
5020,1449.0,-0.4329,-0.4657742857142855,6.280466018912603,5.3503001116528806,23.74,22.60142857142857,120.58,2091.69
5021,1449.5,-0.40765,-0.4578185714285712,6.280466018912603,5.3503001116528806,23.74,22.60142857142857,123.76,2005.55
5022,1450.0,-0.3839,-0.444755714285714,6.280466018912603,5.3503001116528806,23.74,22.60142857142857,123.23,2005.55
5023,1450.5,-0.36341,-0.4277799999999998,6.280466018912603,5.3503001116528806,23.74,22.60142857142857,121.83,2043.94
5024,1451.0,-0.36341,-0.4277799999999998,6.280466018912603,5.3503001116528806,23.74,22.60142857142857,121.83,2043.94
5025,1451.5,-0.34689,-0.4086928571428569,6.280466018912603,5.3503001116528806,22.18,22.610000000000003,120.58,2043.94
5026,1452.0,-0.33263,-0.3889214285714284,5.468540377637363,5.435740752988768,22.18,22.610000000000003,123.36,1880.33
5027,1452.5,-0.31831,-0.3693842857142856,5.468540377637363,5.435740752988768,22.18,22.610000000000003,125.752,1880.33
5028,1453.0,-0.30554,-0.3511899999999999,5.468540377637363,5.435740752988768,22.18,22.610000000000003,125.34,1940.24
5029,1453.5,-0.29477,-0.3350642857142856,5.468540377637363,5.435740752988768,22.18,22.610000000000003,127.3,1940.24
5030,1454.0,-0.29477,-0.3350642857142856,5.468540377637363,5.435740752988768,22.18,22.610000000000003,127.3,1940.24
5031,1454.5,-0.28751,-0.3212942857142856,5.204686896155962,5.455450682745976,22.02,22.555714285714288,128.72,1864.78
5032,1455.0,-0.28668,-0.310332857142857,5.204686896155962,5.455450682745976,22.02,22.555714285714288,131.5,1864.78
5033,1455.5,-0.29794,-0.3033399999999999,5.204686896155962,5.455450682745976,22.02,22.555714285714288,131.005,1948.05
5034,1456.0,-0.31593,-0.3009542857142856,5.204686896155962,5.455450682745976,22.02,22.555714285714288,130.41,1948.05
5035,1456.5,-0.33765,-0.3037171428571428,5.204686896155962,5.455450682745976,23.39,22.732857142857146,130.41,1948.05
5036,1457.0,-0.33765,-0.3037171428571428,5.722180628583664,5.598044124331547,23.39,22.732857142857146,128.6,2022.19
5037,1457.5,-0.35789,-0.3111957142857142,5.722180628583664,5.598044124331547,23.39,22.732857142857146,127.36,2022.19
5038,1458.0,-0.3737,-0.3224714285714284,5.722180628583664,5.598044124331547,23.39,22.732857142857146,129.06,2035.94
5039,1458.5,-0.38237,-0.336022857142857,5.722180628583664,5.598044124331547,23.39,22.732857142857146,129.54,2035.94
5040,1459.0,-0.38568,-0.3501657142857142,5.722180628583664,5.598044124331547,23.97,23.092857142857145,130.68,2047.6
5041,1459.5,-0.38569,-0.3627014285714284,5.788402402437884,5.706342277836918,23.97,23.092857142857145,130.68,2047.6
5042,1460.0,-0.38569,-0.3627014285714284,5.788402402437884,5.706342277836918,23.97,23.092857142857145,132.01,2047.6
5043,1460.5,-0.38589,-0.3726957142857142,5.788402402437884,5.706342277836918,23.97,23.092857142857145,131.88,2091.58
5044,1461.0,-0.38701,-0.3797471428571427,5.788402402437884,5.706342277836918,23.97,23.092857142857145,128.36,2091.58
5045,1461.5,-0.38785,-0.3840271428571427,5.788402402437884,5.706342277836918,23.81,23.254285714285714,129.38,2057.14
5046,1462.0,-0.38818,-0.3860957142857142,6.058746102473185,5.770422138282847,23.81,23.254285714285714,130.45,2057.14
5047,1462.5,-0.38818,-0.3860957142857142,6.058746102473185,5.770422138282847,23.81,23.254285714285714,130.45,2057.14
5048,1463.0,-0.38842,-0.3869599999999998,6.058746102473185,5.770422138282847,23.81,23.254285714285714,132.28,2052.32
5049,1463.5,-0.38673,-0.3871099999999998,6.058746102473185,5.770422138282847,23.81,23.254285714285714,130.15,2052.32
5050,1464.0,-0.38204,-0.3865885714285713,6.058746102473185,5.770422138282847,23.81,23.254285714285714,129.85,2099.13
5051,1464.5,-0.37433,-0.3849371428571427,6.058746102473185,5.770422138282847,23.97,23.297142857142852,133.23,2099.13
5052,1465.0,-0.36473,-0.3817542857142855,5.724594979217379,5.749659629345432,23.97,23.297142857142852,134.78,2071.22
5053,1465.5,-0.36473,-0.3817542857142855,5.724594979217379,5.749659629345432,23.97,23.297142857142852,134.78,2071.22
5054,1466.0,-0.3533,-0.3768185714285713,5.724594979217379,5.749659629345432,23.97,23.297142857142852,135.61,2071.22
5055,1466.5,-0.34396,-0.3705014285714284,5.724594979217379,5.749659629345432,23.97,23.297142857142852,135.78,2102.95
5056,1467.0,-0.33715,-0.3631771428571427,5.724594979217379,5.749659629345432,24.52,23.408571428571427,140.57,2102.95
5057,1467.5,-0.33576,-0.3558957142857141,6.038577893111539,5.715104182802423,24.52,23.408571428571427,143.6,2161.74
5058,1468.0,-0.33895,-0.3497399999999998,6.038577893111539,5.715104182802423,24.52,23.408571428571427,138.39,2161.74
5059,1468.5,-0.33895,-0.3497399999999998,6.038577893111539,5.715104182802423,24.52,23.408571428571427,138.39,2161.74
5060,1469.0,-0.34334,-0.345312857142857,6.038577893111539,5.715104182802423,24.52,23.408571428571427,138.8,2173.6
5061,1469.5,-0.34862,-0.3430114285714284,6.038577893111539,5.715104182802423,24.52,23.408571428571427,141.56,2173.6
5062,1470.0,-0.35162,-0.3427714285714284,6.119923458555277,5.808158908647839,24.57,23.75,138.0,2184.05
5063,1470.5,-0.35161,-0.3438642857142855,6.119923458555277,5.808158908647839,24.57,23.75,140.08,2184.05
5064,1471.0,-0.34757,-0.3453528571428569,6.119923458555277,5.808158908647839,24.57,23.75,140.08,2184.05
5065,1471.5,-0.34757,-0.3453528571428569,6.119923458555277,5.808158908647839,24.57,23.75,138.71,2169.04
5066,1472.0,-0.3401,-0.3459728571428569,6.119923458555277,5.808158908647839,24.57,23.75,138.36,2169.04
5067,1472.5,-0.33024,-0.3447285714285712,5.720370834606607,5.8818280427122165,24.22,24.064285714285717,138.63,2127.81
5068,1473.0,-0.32163,-0.3416271428571427,5.720370834606607,5.8818280427122165,24.22,24.064285714285717,135.52,2127.81
5069,1473.5,-0.31551,-0.3368971428571427,5.720370834606607,5.8818280427122165,24.22,24.064285714285717,134.75,2164.69
5070,1474.0,-0.31387,-0.3315042857142855,5.720370834606607,5.8818280427122165,24.22,24.064285714285717,134.75,2164.69
5071,1474.5,-0.31387,-0.3315042857142855,5.720370834606607,5.8818280427122165,24.22,24.064285714285717,136.82,2164.69
5072,1475.0,-0.31763,-0.3266499999999998,5.720370834606607,5.8818280427122165,23.57,24.09,137.51,2153.74
5073,1475.5,-0.32617,-0.3235928571428569,5.843133479705474,5.899107021443903,23.57,24.09,133.92,2153.74
5074,1476.0,-0.33635,-0.3230571428571426,5.843133479705474,5.899107021443903,23.57,24.09,131.59,2141.16
5075,1476.5,-0.34788,-0.3255771428571427,5.843133479705474,5.899107021443903,23.57,24.09,133.31,2141.16
5076,1477.0,-0.34788,-0.3255771428571427,5.843133479705474,5.899107021443903,23.57,24.09,133.31,2141.16
5077,1477.5,-0.36051,-0.3311314285714283,5.843133479705474,5.899107021443903,23.57,24.09,130.45,2085.18
5078,1478.0,-0.3719,-0.3391871428571427,6.58323343630553,6.012654311996424,23.35,24.001428571428573,131.74,2085.18
5079,1478.5,-0.38522,-0.3493799999999998,6.58323343630553,6.012654311996424,23.35,24.001428571428573,122.04,2181.9
5080,1479.0,-0.39836,-0.360912857142857,6.58323343630553,6.012654311996424,23.35,24.001428571428573,120.85,2181.9
5081,1479.5,-0.40987,-0.3728699999999998,6.58323343630553,6.012654311996424,23.35,24.001428571428573,120.82,2191.95
5082,1480.0,-0.40987,-0.3728699999999998,6.58323343630553,6.012654311996424,23.35,24.001428571428573,120.82,2191.95
5083,1480.5,-0.4195,-0.3847485714285713,6.922185098884342,6.1360027400551616,23.76,23.99428571428572,119.6,2191.95
5084,1481.0,-0.42723,-0.3960842857142855,6.922185098884342,6.1360027400551616,23.76,23.99428571428572,117.5,2258.07
5085,1481.5,-0.43239,-0.406352857142857,6.922185098884342,6.1360027400551616,23.76,23.99428571428572,117.14,2258.07
5086,1482.0,-0.43668,-0.4156071428571427,6.922185098884342,6.1360027400551616,23.76,23.99428571428572,118.05,2238.83
5087,1482.5,-0.44277,-0.4238285714285713,6.922185098884342,6.1360027400551616,23.59,23.94,118.05,2238.83
5088,1483.0,-0.44277,-0.4238285714285713,6.922185098884342,6.1360027400551616,23.59,23.94,119.13,2238.83
5089,1483.5,-0.44938,-0.4311171428571427,6.652958897244551,6.268626156916186,23.59,23.94,120.86,2274.64
5090,1484.0,-0.45699,-0.4378485714285713,6.652958897244551,6.268626156916186,23.59,23.94,121.31,2274.64
5091,1484.5,-0.46385,-0.4441842857142856,6.652958897244551,6.268626156916186,23.59,23.94,119.94,2294.69
5092,1485.0,-0.46899,-0.4501499999999999,6.652958897244551,6.268626156916186,23.59,23.94,119.63,2294.69
5093,1485.5,-0.47186,-0.4557885714285714,6.652958897244551,6.268626156916186,23.68,23.82,119.63,2294.69
5094,1486.0,-0.47186,-0.4557885714285714,6.819230896327716,6.380148014518498,23.68,23.82,119.0,2316.1
5095,1486.5,-0.47325,-0.461012857142857,6.819230896327716,6.380148014518498,23.68,23.82,120.76,2316.1
5096,1487.0,-0.4727,-0.4652885714285713,6.819230896327716,6.380148014518498,23.68,23.82,120.32,2367.34
5097,1487.5,-0.47099,-0.4683757142857142,6.819230896327716,6.380148014518498,23.68,23.82,122.01,2367.34
5098,1488.0,-0.46982,-0.4702085714285713,6.819230896327716,6.380148014518498,23.6,23.681428571428576,119.35,2372.6
5099,1488.5,-0.46982,-0.4702085714285713,7.0177011702716765,6.5084019733351255,23.6,23.681428571428576,119.35,2372.6
5100,1489.0,-0.468,-0.4708014285714285,7.0177011702716765,6.5084019733351255,23.6,23.681428571428576,117.25,2372.6
5101,1489.5,-0.46601,-0.4703757142857142,7.0177011702716765,6.5084019733351255,23.6,23.681428571428576,118.64,2343.98
5102,1490.0,-0.46454,-0.4693299999999999,7.0177011702716765,6.5084019733351255,23.6,23.681428571428576,120.88,2343.98
5103,1490.5,-0.46592,-0.468282857142857,7.0177011702716765,6.5084019733351255,23.24,23.541428571428572,120.71,2355.54
5104,1491.0,-0.46887,-0.4677357142857142,6.912682062692017,6.678732148775899,23.24,23.541428571428572,120.71,2355.54
5105,1491.5,-0.46887,-0.4677357142857142,6.912682062692017,6.678732148775899,23.24,23.541428571428572,120.71,2355.54
5106,1492.0,-0.47478,-0.4682771428571427,6.912682062692017,6.678732148775899,23.24,23.541428571428572,123.47,2348.69
5107,1492.5,-0.48305,-0.4701671428571427,6.912682062692017,6.678732148775899,23.24,23.541428571428572,123.54,2348.69
5108,1493.0,-0.4944,-0.4739385714285714,6.912682062692017,6.678732148775899,23.24,23.541428571428572,122.35,2399.29
5109,1493.5,-0.50682,-0.4797685714285712,6.922318650156255,6.832901458840296,23.31,23.50428571428572,121.29,2399.29
5110,1494.0,-0.52026,-0.4877285714285713,6.922318650156255,6.832901458840296,23.31,23.50428571428572,121.29,2399.29
5111,1494.5,-0.52026,-0.4877285714285713,6.922318650156255,6.832901458840296,23.31,23.50428571428572,121.39,2381.73
5112,1495.0,-0.53313,-0.4973299999999999,6.922318650156255,6.832901458840296,23.31,23.50428571428572,123.71,2381.73
5113,1495.5,-0.54628,-0.5083885714285713,6.922318650156255,6.832901458840296,23.31,23.50428571428572,123.48,2439.07
5114,1496.0,-0.5565,-0.520062857142857,6.922318650156255,6.832901458840296,23.4,23.51142857142857,125.62,2439.07
5115,1496.5,-0.56349,-0.5315542857142856,6.9237733405881485,6.881550016594956,23.4,23.51142857142857,124.4,2433.15
5116,1497.0,-0.56753,-0.5420014285714284,6.9237733405881485,6.881550016594956,23.4,23.51142857142857,124.4,2433.15
5117,1497.5,-0.56753,-0.5420014285714284,6.9237733405881485,6.881550016594956,23.4,23.51142857142857,126.35,2433.15
5118,1498.0,-0.56936,-0.5509357142857142,6.9237733405881485,6.881550016594956,23.4,23.51142857142857,127.78,2423.41
5119,1498.5,-0.57125,-0.5582199999999998,6.9237733405881485,6.881550016594956,23.36,23.45428571428572,125.12,2423.41
5120,1499.0,-0.57325,-0.5639514285714285,6.975988684774838,6.889236243150742,23.36,23.45428571428572,122.72,2459.27
5121,1499.5,-0.57641,-0.5682557142857142,6.975988684774838,6.889236243150742,23.36,23.45428571428572,123.33,2459.27
5122,1500.0,-0.57853,-0.5714028571428571,6.975988684774838,6.889236243150742,23.36,23.45428571428572,123.33,2459.27
5123,1500.5,-0.57853,-0.5714028571428571,6.975988684774838,6.889236243150742,23.36,23.45428571428572,125.69,2472.1
5124,1501.0,-0.57746,-0.5733985714285713,6.975988684774838,6.889236243150742,23.36,23.45428571428572,123.89,2472.1
5125,1501.5,-0.57275,-0.5741442857142857,6.843012791356526,6.916386799452453,23.16,23.392857142857142,124.93,2441.32
5126,1502.0,-0.56523,-0.5735542857142857,6.843012791356526,6.916386799452453,23.16,23.392857142857142,126.43,2441.32
5127,1502.5,-0.55769,-0.5716171428571428,6.843012791356526,6.916386799452453,23.16,23.392857142857142,126.62,2443.05
5128,1503.0,-0.55769,-0.5716171428571428,6.843012791356526,6.916386799452453,23.16,23.392857142857142,126.62,2443.05
5129,1503.5,-0.55329,-0.5687657142857142,6.843012791356526,6.916386799452453,23.16,23.392857142857142,127.32,2443.05
5130,1504.0,-0.55295,-0.5654142857142855,6.843012791356526,6.916386799452453,23.28,23.33571428571429,126.75,2461.43
5131,1504.5,-0.55712,-0.5623557142857142,7.227370359573162,6.974692437058944,23.28,23.33571428571429,129.0,2461.43
5132,1505.0,-0.56501,-0.5605771428571428,7.227370359573162,6.974692437058944,23.28,23.33571428571429,126.86,2502.22
5133,1505.5,-0.57416,-0.5607785714285713,7.227370359573162,6.974692437058944,23.28,23.33571428571429,126.2,2502.22
5134,1506.0,-0.57416,-0.5607785714285713,7.227370359573162,6.974692437058944,23.28,23.33571428571429,126.2,2502.22
5135,1506.5,-0.58273,-0.5632785714285714,7.227370359573162,6.974692437058944,23.67,23.345714285714287,124.76,2549.33
5136,1507.0,-0.59098,-0.5680342857142856,7.470750385468305,7.039413753515606,23.67,23.345714285714287,123.59,2549.33
5137,1507.5,-0.59875,-0.5745285714285713,7.470750385468305,7.039413753515606,23.67,23.345714285714287,125.85,2575.21
5138,1508.0,-0.60629,-0.5821485714285713,7.470750385468305,7.039413753515606,23.67,23.345714285714287,123.98,2575.21
5139,1508.5,-0.61333,-0.5901785714285713,7.470750385468305,7.039413753515606,23.67,23.345714285714287,123.98,2575.21
5140,1509.0,-0.61333,-0.5901785714285713,7.470750385468305,7.039413753515606,23.67,23.345714285714287,123.24,2587.84
5141,1509.5,-0.62082,-0.5981514285714286,7.990140072893479,7.193336326401529,23.81,23.427142857142854,125.64,2587.84
5142,1510.0,-0.62604,-0.6055628571428571,7.990140072893479,7.193336326401529,23.81,23.427142857142854,124.1,2578.85
5143,1510.5,-0.62879,-0.6121428571428572,7.990140072893479,7.193336326401529,23.81,23.427142857142854,126.39,2578.85
5144,1511.0,-0.62953,-0.61765,7.990140072893479,7.193336326401529,23.81,23.427142857142854,126.8,2642.22
5145,1511.5,-0.6283,-0.6218714285714285,7.990140072893479,7.193336326401529,24.25,23.56142857142857,126.8,2642.22
5146,1512.0,-0.6283,-0.6218714285714285,8.328164505668834,7.394171448617612,24.25,23.56142857142857,126.55,2642.22
5147,1512.5,-0.62711,-0.6248457142857143,8.328164505668834,7.394171448617612,24.25,23.56142857142857,126.69,2675.81
5148,1513.0,-0.62854,-0.6270185714285714,8.328164505668834,7.394171448617612,24.25,23.56142857142857,128.35,2675.81
5149,1513.5,-0.63337,-0.6288114285714286,8.328164505668834,7.394171448617612,24.25,23.56142857142857,124.77,2673.61
5150,1514.0,-0.64004,-0.6308114285714286,8.328164505668834,7.394171448617612,24.25,23.56142857142857,124.77,2673.61
5151,1514.5,-0.64004,-0.6308114285714286,8.328164505668834,7.394171448617612,24.25,23.56142857142857,126.86,2673.61
5152,1515.0,-0.6464,-0.6333271428571428,8.686264172453361,7.645955853169785,24.97,23.785714285714285,125.71,2786.24
5153,1515.5,-0.64609,-0.6356928571428571,8.686264172453361,7.645955853169785,24.97,23.785714285714285,124.52,2786.24
5154,1516.0,-0.63749,-0.6370057142857143,8.686264172453361,7.645955853169785,24.97,23.785714285714285,123.06,2872.87
5155,1516.5,-0.62145,-0.6361971428571428,8.686264172453361,7.645955853169785,24.97,23.785714285714285,123.59,2872.87
5156,1517.0,-0.60004,-0.6321257142857142,8.686264172453361,7.645955853169785,23.82,23.851428571428567,119.58,2619.55
5157,1517.5,-0.60004,-0.6321257142857142,8.641676551260916,7.883911262667796,23.82,23.851428571428567,119.58,2619.55
5158,1518.0,-0.57652,-0.6240042857142856,8.641676551260916,7.883911262667796,23.82,23.851428571428567,117.94,2619.55
5159,1518.5,-0.55966,-0.6125214285714284,8.641676551260916,7.883911262667796,23.82,23.851428571428567,118.71,2747.3
5160,1519.0,-0.54722,-0.5983528571428571,8.641676551260916,7.883911262667796,23.82,23.851428571428567,118.13,2747.3
5161,1519.5,-0.53638,-0.5826799999999999,8.641676551260916,7.883911262667796,23.41,23.88714285714285,118.35,2786.57
5162,1520.0,-0.52611,-0.5667685714285714,8.375149239241477,8.102787898079933,23.41,23.88714285714285,118.35,2786.57
5163,1520.5,-0.52611,-0.5667685714285714,8.375149239241477,8.102787898079933,23.41,23.88714285714285,117.91,2786.57
5164,1521.0,-0.51514,-0.5515814285714284,8.375149239241477,8.102787898079933,23.41,23.88714285714285,119.81,2588.26
5165,1521.5,-0.50446,-0.5379271428571427,8.375149239241477,8.102787898079933,23.41,23.88714285714285,120.17,2588.26
5166,1522.0,-0.49883,-0.5268285714285713,8.375149239241477,8.102787898079933,22.53,23.78,121.9,2604.47
5167,1522.5,-0.49946,-0.5182285714285714,8.462350089766607,8.279213573821853,22.53,23.78,121.1,2604.47
5168,1523.0,-0.5091,-0.512782857142857,8.462350089766607,8.279213573821853,22.53,23.78,121.1,2604.47
5169,1523.5,-0.5091,-0.512782857142857,8.462350089766607,8.279213573821853,22.53,23.78,120.9,2670.14
5170,1524.0,-0.52512,-0.5111742857142857,8.462350089766607,8.279213573821853,22.53,23.78,118.46,2670.14
5171,1524.5,-0.5404,-0.5132157142857142,8.462350089766607,8.279213573821853,22.53,23.78,118.89,2663.42
5172,1525.0,-0.55182,-0.5184557142857142,8.449274058239096,8.419002669931967,22.49,23.61142857142857,118.99,2663.42
5173,1525.5,-0.55832,-0.5261499999999999,8.449274058239096,8.419002669931967,22.49,23.61142857142857,119.23,2712.97
5174,1526.0,-0.55832,-0.5261499999999999,8.449274058239096,8.419002669931967,22.49,23.61142857142857,119.23,2712.97
5175,1526.5,-0.55941,-0.5348042857142856,8.449274058239096,8.419002669931967,22.49,23.61142857142857,117.21,2712.97
5176,1527.0,-0.55549,-0.5428085714285713,8.449274058239096,8.419002669931967,22.49,23.61142857142857,119.62,2734.62
5177,1527.5,-0.54885,-0.5484871428571427,8.449274058239096,8.419002669931967,22.49,23.42285714285714,120.3,2734.62
5178,1528.0,-0.54398,-0.5511814285714285,8.612113047061126,8.507855951955916,22.49,23.42285714285714,119.53,2779.66
5179,1528.5,-0.53869,-0.5509371428571427,8.612113047061126,8.507855951955916,22.49,23.42285714285714,120.38,2779.66
5180,1529.0,-0.53869,-0.5509371428571427,8.612113047061126,8.507855951955916,22.49,23.42285714285714,120.38,2779.66
5181,1529.5,-0.53438,-0.5484457142857141,8.612113047061126,8.507855951955916,22.49,23.42285714285714,120.53,2718.37
5182,1530.0,-0.53208,-0.5446971428571427,8.612113047061126,8.507855951955916,22.33,23.148571428571422,121.72,2718.37
5183,1530.5,-0.53378,-0.5410357142857142,9.184355084842952,8.630168891837933,22.33,23.148571428571422,122.75,2801.31
5184,1531.0,-0.5402,-0.5388514285714284,9.184355084842952,8.630168891837933,22.33,23.148571428571422,122.72,2801.31
5185,1531.5,-0.55006,-0.5390242857142856,9.184355084842952,8.630168891837933,22.33,23.148571428571422,120.76,2818.82
5186,1532.0,-0.55006,-0.5390242857142856,9.184355084842952,8.630168891837933,22.33,23.148571428571422,120.76,2818.82
5187,1532.5,-0.56174,-0.5415614285714284,9.184355084842952,8.630168891837933,22.33,23.148571428571422,119.46,2818.82
5188,1533.0,-0.57335,-0.5465128571428569,9.330198440791929,8.722159501600585,22.37,22.777142857142856,119.22,2833.28
5189,1533.5,-0.58357,-0.5535399999999998,9.330198440791929,8.722159501600585,22.37,22.777142857142856,120.66,2833.28
5190,1534.0,-0.58993,-0.5618042857142855,9.330198440791929,8.722159501600585,22.37,22.777142857142856,120.98,2874.69
5191,1534.5,-0.59394,-0.5703985714285713,9.330198440791929,8.722159501600585,22.37,22.777142857142856,120.98,2874.69
5192,1535.0,-0.59394,-0.5703985714285713,9.330198440791929,8.722159501600585,22.37,22.777142857142856,122.29,2874.69
5193,1535.5,-0.59697,-0.5785085714285713,9.330198440791929,8.722159501600585,22.25,22.552857142857142,120.995,2871.68
5194,1536.0,-0.59972,-0.585602857142857,9.73366067371657,8.878157233379964,22.25,22.552857142857142,119.13,2871.68
5195,1536.5,-0.60155,-0.5912899999999998,9.73366067371657,8.878157233379964,22.25,22.552857142857142,118.55,2929.67
5196,1537.0,-0.60078,-0.5952085714285713,9.73366067371657,8.878157233379964,22.25,22.552857142857142,117.1,2929.67
5197,1537.5,-0.5964,-0.5970414285714283,9.73366067371657,8.878157233379964,22.25,22.552857142857142,117.1,2929.67
5198,1538.0,-0.5964,-0.5970414285714283,9.73366067371657,8.878157233379964,22.25,22.552857142857142,117.27,2885.57
5199,1538.5,-0.58747,-0.5966899999999997,9.248876069497635,9.002975351987986,21.25,22.244285714285716,113.04,2885.57
5200,1539.0,-0.57375,-0.5938057142857139,9.248876069497635,9.002975351987986,21.25,22.244285714285716,114.47,2767.78
5201,1539.5,-0.55875,-0.5883457142857141,9.248876069497635,9.002975351987986,21.25,22.244285714285716,113.71,2767.78
5202,1540.0,-0.54321,-0.5802728571428569,9.248876069497635,9.002975351987986,21.25,22.244285714285716,114.99,2723.06
5203,1540.5,-0.54321,-0.5802728571428569,9.248876069497635,9.002975351987986,21.25,22.244285714285716,114.99,2723.06
5204,1541.0,-0.52835,-0.569815714285714,9.267738114699757,9.118030784121292,20.67,21.978571428571428,112.0,2723.06
5205,1541.5,-0.51382,-0.5573928571428569,9.267738114699757,9.118030784121292,20.67,21.978571428571428,113.35,2736.27
5206,1542.0,-0.49502,-0.5429099999999998,9.267738114699757,9.118030784121292,20.67,21.978571428571428,114.7,2736.27
5207,1542.5,-0.47182,-0.5263885714285712,9.267738114699757,9.118030784121292,20.67,21.978571428571428,115.14,2760.17
5208,1543.0,-0.44623,-0.5081714285714283,9.267738114699757,9.118030784121292,19.39,21.535714285714285,115.33,2760.17
5209,1543.5,-0.44623,-0.5081714285714283,9.267738114699757,9.118030784121292,19.39,21.535714285714285,115.33,2760.17
5210,1544.0,-0.42015,-0.4883714285714284,8.752399671392446,9.1613344431432,19.39,21.535714285714285,118.41,2599.95
5211,1544.5,-0.40108,-0.4680671428571427,8.752399671392446,9.1613344431432,19.39,21.535714285714285,118.48,2599.95
5212,1545.0,-0.39318,-0.4487571428571426,8.752399671392446,9.1613344431432,19.39,21.535714285714285,120.72,2485.74
5213,1545.5,-0.39879,-0.4323242857142855,8.752399671392446,9.1613344431432,19.39,21.535714285714285,121.05,2485.74
5214,1546.0,-0.41773,-0.4212828571428568,8.752399671392446,9.1613344431432,19.6,21.12285714285714,121.05,2485.74
5215,1546.5,-0.41773,-0.4212828571428568,9.170093424560418,9.241045925643098,19.6,21.12285714285714,122.11,2531.94
5216,1547.0,-0.44455,-0.4173871428571425,9.170093424560418,9.241045925643098,19.6,21.12285714285714,120.93,2670.71
5217,1547.5,-0.47414,-0.4213742857142853,9.170093424560418,9.241045925643098,19.6,21.12285714285714,119.56,2670.71
5218,1548.0,-0.50285,-0.4331885714285711,9.170093424560418,9.241045925643098,19.6,21.12285714285714,120.53,2706.53
5219,1548.5,-0.52968,-0.4515599999999997,9.170093424560418,9.241045925643098,20.6,20.875714285714285,120.96,2706.53
5220,1549.0,-0.55258,-0.4743314285714282,9.530074430826527,9.290434403640754,20.6,20.875714285714285,120.96,2706.53
5221,1549.5,-0.55258,-0.4743314285714282,9.530074430826527,9.290434403640754,20.6,20.875714285714285,122.35,2775.6
5222,1550.0,-0.57216,-0.4990985714285711,9.530074430826527,9.290434403640754,20.6,20.875714285714285,121.98,2775.6
5223,1550.5,-0.58806,-0.5234314285714283,9.530074430826527,9.290434403640754,20.6,20.875714285714285,121.57,2803.69
5224,1551.0,-0.5989,-0.5454814285714282,9.530074430826527,9.290434403640754,20.86,20.66,118.66,2803.69
5225,1551.5,-0.60465,-0.564125714285714,9.132617734586008,9.26220858846848,20.86,20.66,121.57,2822.48
5226,1552.0,-0.60465,-0.564125714285714,9.132617734586008,9.26220858846848,20.86,20.66,121.57,2822.48
5227,1552.5,-0.60808,-0.5791585714285711,9.132617734586008,9.26220858846848,20.86,20.66,121.75,2822.48
5228,1553.0,-0.61099,-0.5907742857142854,9.132617734586008,9.26220858846848,20.86,20.66,124.86,2834.4
5229,1553.5,-0.61362,-0.5994942857142853,9.132617734586008,9.26220858846848,20.86,20.66,126.44,2834.4
5230,1554.0,-0.61898,-0.6061828571428568,9.71388008109091,9.259382789521954,21.56,20.56142857142857,124.03,2907.41
5231,1554.5,-0.62389,-0.6113014285714282,9.71388008109091,9.259382789521954,21.56,20.56142857142857,122.67,2907.41
5232,1555.0,-0.62389,-0.6113014285714282,9.71388008109091,9.259382789521954,21.56,20.56142857142857,122.67,2907.41
5233,1555.5,-0.62683,-0.6152914285714283,9.71388008109091,9.259382789521954,21.56,20.56142857142857,122.9,2939.88
5234,1556.0,-0.62571,-0.6182999999999997,9.71388008109091,9.259382789521954,21.56,20.56142857142857,123.81,2939.88
5235,1556.5,-0.62076,-0.6201114285714283,8.323048551565893,9.127121715531706,21.15,20.547142857142852,123.66,2881.4
5236,1557.0,-0.61188,-0.6202385714285711,8.323048551565893,9.127121715531706,21.15,20.547142857142852,124.75,2881.4
5237,1557.5,-0.60208,-0.6185899999999996,8.323048551565893,9.127121715531706,21.15,20.547142857142852,124.75,2881.4
5238,1558.0,-0.60208,-0.6185899999999996,8.323048551565893,9.127121715531706,21.15,20.547142857142852,125.99,2826.06
5239,1558.5,-0.59307,-0.6148885714285711,8.323048551565893,9.127121715531706,21.15,20.547142857142852,127.78,2826.06
5240,1559.0,-0.58458,-0.609272857142857,8.323048551565893,9.127121715531706,21.37,20.647142857142853,131.83,2873.34
5241,1559.5,-0.57914,-0.6024599999999998,8.556243799539452,9.025479670508805,21.37,20.647142857142853,131.74,2873.34
5242,1560.0,-0.57695,-0.5954942857142854,8.556243799539452,9.025479670508805,21.37,20.647142857142853,131.46,2950.46
5243,1560.5,-0.57656,-0.5891799999999997,8.556243799539452,9.025479670508805,21.37,20.647142857142853,131.46,2950.46
5244,1561.0,-0.57656,-0.5891799999999997,8.556243799539452,9.025479670508805,21.37,20.647142857142853,131.43,2950.46
5245,1561.5,-0.58045,-0.5846899999999998,8.556243799539452,9.025479670508805,21.37,20.647142857142853,132.81,2990.41
5246,1562.0,-0.58642,-0.5824528571428569,8.489160932701113,8.987874136410044,22.28,21.06,132.43,2990.41
5247,1562.5,-0.58971,-0.5819728571428568,8.489160932701113,8.987874136410044,22.28,21.06,130.22,2976.61
5248,1563.0,-0.58854,-0.5825385714285712,8.489160932701113,8.987874136410044,22.28,21.06,131.69,2976.61
5249,1563.5,-0.58854,-0.5825385714285712,8.489160932701113,8.987874136410044,22.28,21.06,131.69,2976.61
5250,1564.0,-0.5806,-0.5827471428571426,8.489160932701113,8.987874136410044,22.28,21.06,131.47,2932.05
5251,1564.5,-0.56434,-0.5809457142857141,7.547748485692251,8.756110573714592,21.67,21.35571428571428,136.51,2932.05
5252,1565.0,-0.54376,-0.5762599999999998,7.547748485692251,8.756110573714592,21.67,21.35571428571428,140.05,2888.68
5253,1565.5,-0.52434,-0.5682442857142854,7.547748485692251,8.756110573714592,21.67,21.35571428571428,146.13,2888.68
5254,1566.0,-0.51046,-0.5573928571428569,7.547748485692251,8.756110573714592,21.67,21.35571428571428,145.96,2926.46
5255,1566.5,-0.51046,-0.5573928571428569,7.547748485692251,8.756110573714592,21.67,21.35571428571428,145.96,2926.46
5256,1567.0,-0.50211,-0.5448785714285712,7.547748485692251,8.756110573714592,22.44,21.618571428571425,147.28,2926.46
5257,1567.5,-0.49923,-0.5321199999999997,7.357472097993462,8.445738811881297,22.44,21.618571428571425,145.79,3007.39
5258,1568.0,-0.4965,-0.5201057142857141,7.357472097993462,8.445738811881297,22.44,21.618571428571425,136.54,3007.39
5259,1568.5,-0.49075,-0.509592857142857,7.357472097993462,8.445738811881297,22.44,21.618571428571425,141.89,2961.79
5260,1569.0,-0.48464,-0.5011471428571427,7.357472097993462,8.445738811881297,22.44,21.618571428571425,142.73,2961.79
5261,1569.5,-0.48464,-0.5011471428571427,7.357472097993462,8.445738811881297,22.44,21.618571428571425,142.73,2961.79
5262,1570.0,-0.47905,-0.4946771428571426,7.353723441057904,8.191611055662994,22.04,21.787142857142857,145.99,2970.27
5263,1570.5,-0.48021,-0.490355714285714,7.353723441057904,8.191611055662994,22.04,21.787142857142857,140.44,2970.27
5264,1571.0,-0.49235,-0.4889614285714284,7.353723441057904,8.191611055662994,22.04,21.787142857142857,139.58,3022.55
5265,1571.5,-0.51431,-0.491115714285714,7.353723441057904,8.191611055662994,22.04,21.787142857142857,138.52,3022.55
5266,1572.0,-0.53919,-0.4972142857142855,7.353723441057904,8.191611055662994,22.62,21.93857142857143,138.52,3022.55
5267,1572.5,-0.53919,-0.4972142857142855,7.790219070783991,7.916802339904864,22.62,21.93857142857143,140.56,3093.08
5268,1573.0,-0.56153,-0.507325714285714,7.790219070783991,7.916802339904864,22.62,21.93857142857143,134.91,3093.08
5269,1573.5,-0.57312,-0.519965714285714,7.790219070783991,7.916802339904864,22.62,21.93857142857143,137.76,3110.29
5270,1574.0,-0.57244,-0.5333071428571426,7.790219070783991,7.916802339904864,22.62,21.93857142857143,139.9,3110.29
5271,1574.5,-0.56124,-0.5448828571428569,7.790219070783991,7.916802339904864,22.78,22.17142857142857,140.42,3145.91
5272,1575.0,-0.54579,-0.5525171428571426,7.790219070783991,7.916802339904864,22.78,22.17142857142857,140.42,3145.91
5273,1575.5,-0.54579,-0.5525171428571426,7.402205066453958,7.7852532706031585,22.78,22.17142857142857,138.35,3145.91
5274,1576.0,-0.53705,-0.555765714285714,7.402205066453958,7.7852532706031585,22.78,22.17142857142857,139.04,3221.22
5275,1576.5,-0.53673,-0.5554142857142855,7.402205066453958,7.7852532706031585,22.78,22.17142857142857,136.65,3221.22
5276,1577.0,-0.54659,-0.5532799999999998,7.402205066453958,7.7852532706031585,22.78,22.17142857142857,137.32,3234.85
5277,1577.5,-0.5623,-0.5517342857142855,7.402205066453958,7.7852532706031585,24.88,22.67285714285714,139.12,3234.85
5278,1578.0,-0.5623,-0.5517342857142855,6.703912580783584,7.5206345250666065,24.88,22.67285714285714,139.12,3234.85
5279,1578.5,-0.58214,-0.5531199999999997,6.703912580783584,7.5206345250666065,24.88,22.67285714285714,138.44,3329.62
5280,1579.0,-0.60325,-0.5591214285714283,6.703912580783584,7.5206345250666065,24.88,22.67285714285714,138.02,3329.62
5281,1579.5,-0.62121,-0.5698957142857141,6.703912580783584,7.5206345250666065,24.88,22.67285714285714,142.08,3225.52
5282,1580.0,-0.63167,-0.583412857142857,6.703912580783584,7.5206345250666065,26.42,23.26428571428571,145.9,3225.52
5283,1580.5,-0.62297,-0.595732857142857,5.387687801516196,7.077566934897334,26.42,23.26428571428571,144.43,3380.16
5284,1581.0,-0.62297,-0.595732857142857,5.387687801516196,7.077566934897334,26.42,23.26428571428571,144.43,3380.16
5285,1581.5,-0.57387,-0.5996299999999997,5.387687801516196,7.077566934897334,26.42,23.26428571428571,144.55,3380.16
5286,1582.0,-0.46653,-0.5859485714285712,5.387687801516196,7.077566934897334,26.42,23.26428571428571,148.04,2954.22
5287,1582.5,-0.29461,-0.5448728571428568,5.387687801516196,7.077566934897334,22.8,23.42571428571428,155.31,2954.22
5288,1583.0,-0.08013,-0.4701414285714283,5.178247600551311,6.739066808448627,22.8,23.42571428571428,166.77,2711.02
5289,1583.5,0.14437,-0.3607728571428568,5.178247600551311,6.739066808448627,22.8,23.42571428571428,166.77,2711.02
5290,1584.0,0.14437,-0.3607728571428568,5.178247600551311,6.739066808448627,22.8,23.42571428571428,153.94,2711.02
5291,1584.5,0.34104,-0.2218142857142853,5.178247600551311,6.739066808448627,22.8,23.42571428571428,159.43,2541.47
5292,1585.0,0.45993,-0.0671142857142853,5.178247600551311,6.739066808448627,22.8,23.42571428571428,167.7,2541.47
5293,1585.5,0.49497,0.0855771428571432,5.401677176620209,6.459667533966734,24.97,23.787142857142857,168.5,2789.82
5294,1586.0,0.45553,0.2173000000000003,5.401677176620209,6.459667533966734,24.97,23.787142857142857,165.39,2789.82
5295,1586.5,0.36495,0.3115228571428575,5.401677176620209,6.459667533966734,24.97,23.787142857142857,165.39,2789.82
5296,1587.0,0.36495,0.3115228571428575,5.401677176620209,6.459667533966734,24.97,23.787142857142857,167.81,2836.74
5297,1587.5,0.25516,0.3594214285714289,5.401677176620209,6.459667533966734,24.97,23.787142857142857,170.84,2836.74
5298,1588.0,0.13699,0.3583671428571432,5.401677176620209,6.459667533966734,27.82,24.612857142857138,167.95,2929.8
5299,1588.5,0.02608,0.3133728571428575,5.5512738946884985,6.202174741628248,27.82,24.612857142857138,163.98,2929.8
5300,1589.0,-0.07239,0.2373271428571428,5.5512738946884985,6.202174741628248,27.82,24.612857142857138,166.71,2955.45
5301,1589.5,-0.07239,0.2373271428571428,5.5512738946884985,6.202174741628248,27.82,24.612857142857138,166.71,2955.45
5302,1590.0,-0.16217,0.14345,5.5512738946884985,6.202174741628248,27.82,24.612857142857138,165.55,2955.45
5303,1590.5,-0.23773,0.0444128571428571,5.5512738946884985,6.202174741628248,27.82,24.612857142857138,163.59,3193.93
5304,1591.0,-0.29683,-0.0501271428571428,12.689746643296516,6.902107251987181,31.29,25.851428571428567,156.11,3193.93
5305,1591.5,-0.33303,-0.1341542857142857,12.689746643296516,6.902107251987181,31.29,25.851428571428567,162.3,3097.74
5306,1592.0,-0.35669,-0.20468,12.689746643296516,6.902107251987181,31.29,25.851428571428567,162.39,3097.74
5307,1592.5,-0.35669,-0.20468,12.689746643296516,6.902107251987181,31.29,25.851428571428567,162.39,3097.74
5308,1593.0,-0.37498,-0.2619742857142857,12.689746643296516,6.902107251987181,31.29,25.851428571428567,165.25,3130.01
5309,1593.5,-0.39323,-0.3078085714285715,13.17331538869422,7.72655158373579,32.44,27.231428571428573,163.59,3130.01
5310,1594.0,-0.418,-0.3443557142857142,13.17331538869422,7.72655158373579,32.44,27.231428571428573,166.33,3224.73
5311,1594.5,-0.44753,-0.3743271428571428,13.17331538869422,7.72655158373579,32.44,27.231428571428573,166.78,3224.73
5312,1595.0,-0.47805,-0.4002157142857143,13.17331538869422,7.72655158373579,32.44,27.231428571428573,166.78,3224.73
5313,1595.5,-0.47805,-0.4002157142857143,13.17331538869422,7.72655158373579,32.44,27.231428571428573,169.74,3271.12
5314,1596.0,-0.50307,-0.4245071428571428,13.17331538869422,7.72655158373579,34.41,28.592857142857145,171.0,3271.12
5315,1596.5,-0.51737,-0.4474614285714285,14.107820562803564,8.784252724024357,34.41,28.592857142857145,169.88,3372.85
5316,1597.0,-0.52334,-0.4686557142857143,14.107820562803564,8.784252724024357,34.41,28.592857142857145,163.18,3372.85
5317,1597.5,-0.52382,-0.4873114285714285,14.107820562803564,8.784252724024357,34.41,28.592857142857145,166.2,3508.01
5318,1598.0,-0.52095,-0.5020185714285714,14.107820562803564,8.784252724024357,34.41,28.592857142857145,166.2,3508.01
5319,1598.5,-0.52095,-0.5020185714285714,14.107820562803564,8.784252724024357,34.41,28.592857142857145,161.12,3508.01
5320,1599.0,-0.51754,-0.5120199999999999,7.971826220725712,9.153415355340004,34.27,29.714285714285715,162.74,3340.97
5321,1599.5,-0.51435,-0.5172057142857142,7.971826220725712,9.153415355340004,34.27,29.714285714285715,164.48,3340.97
5322,1600.0,-0.51321,-0.5186542857142856,7.971826220725712,9.153415355340004,34.27,29.714285714285715,163.57,3298.46
5323,1600.5,-0.50886,-0.5174385714285714,7.971826220725712,9.153415355340004,34.27,29.714285714285715,165.12,3298.46
5324,1601.0,-0.50886,-0.5174385714285714,7.971826220725712,9.153415355340004,34.27,29.714285714285715,165.12,3298.46
5325,1601.5,-0.50392,-0.5146642857142857,7.825151435610013,9.531544474634105,35.3,31.5,162.75,3477.13
5326,1602.0,-0.50046,-0.5113271428571428,7.825151435610013,9.531544474634105,35.3,31.5,160.09,3477.13
5327,1602.5,-0.49894,-0.508182857142857,7.825151435610013,9.531544474634105,35.3,31.5,161.39,3465.39
5328,1603.0,-0.50241,-0.5060214285714285,7.825151435610013,9.531544474634105,35.3,31.5,158.01,3465.39
5329,1603.5,-0.51064,-0.5054914285714285,7.825151435610013,9.531544474634105,37.16,33.24142857142857,157.57,3509.44
5330,1604.0,-0.51064,-0.5054914285714285,7.825151435610013,9.531544474634105,37.16,33.24142857142857,157.57,3509.44
5331,1604.5,-0.5256,-0.5072614285714285,8.479435195392234,9.971224191601536,37.16,33.24142857142857,159.41,3509.44
5332,1605.0,-0.54535,-0.5124742857142855,8.479435195392234,9.971224191601536,37.16,33.24142857142857,158.16,3557.54
5333,1605.5,-0.56449,-0.5211271428571428,8.479435195392234,9.971224191601536,37.16,33.24142857142857,161.51,3557.54
5334,1606.0,-0.58071,-0.5325914285714284,8.479435195392234,9.971224191601536,37.16,33.24142857142857,160.22,3699.12
5335,1606.5,-0.59398,-0.5461685714285712,8.479435195392234,9.971224191601536,39.26,34.87571428571429,155.2,3699.12
5336,1607.0,-0.59398,-0.5461685714285712,8.29592639874329,10.363317406466509,39.26,34.87571428571429,155.2,3699.12
5337,1607.5,-0.60411,-0.5606971428571427,8.29592639874329,10.363317406466509,39.26,34.87571428571429,158.77,3709.41
5338,1608.0,-0.61165,-0.5751271428571426,8.29592639874329,10.363317406466509,39.26,34.87571428571429,156.33,3709.41
5339,1608.5,-0.61848,-0.5883957142857141,8.29592639874329,10.363317406466509,39.26,34.87571428571429,157.29,3756.07
5340,1609.0,-0.62551,-0.5998471428571427,8.29592639874329,10.363317406466509,35.96,35.542857142857144,157.73,3756.07
5341,1609.5,-0.63206,-0.6094999999999998,8.29592639874329,10.363317406466509,35.96,35.542857142857144,157.73,3756.07
5342,1610.0,-0.63206,-0.6094999999999998,8.213262338002355,9.72381964856734,35.96,35.542857142857144,151.32,3768.25
5343,1610.5,-0.63598,-0.6173957142857142,8.213262338002355,9.72381964856734,35.96,35.542857142857144,151.82,3768.25
5344,1611.0,-0.63742,-0.6236014285714283,8.213262338002355,9.72381964856734,35.96,35.542857142857144,151.88,3714.24
5345,1611.5,-0.63533,-0.6280614285714284,8.213262338002355,9.72381964856734,35.96,35.542857142857144,152.0,3714.24
5346,1612.0,-0.63392,-0.6312428571428569,8.542000134551195,9.062203183689764,33.24,35.65714285714286,148.03,3934.83
5347,1612.5,-0.63219,-0.6332014285714284,8.542000134551195,9.062203183689764,33.24,35.65714285714286,148.03,3934.83
5348,1613.0,-0.63219,-0.6332014285714284,8.542000134551195,9.062203183689764,33.24,35.65714285714286,147.11,3934.83
5349,1613.5,-0.63161,-0.6340728571428569,8.542000134551195,9.062203183689764,33.24,35.65714285714286,143.27,3811.15
5350,1614.0,-0.63267,-0.6341599999999997,8.542000134551195,9.062203183689764,33.24,35.65714285714286,143.12,3811.15
5351,1614.5,-0.63713,-0.6343242857142855,6.100747694467732,7.918335631070361,30.5,35.098571428571425,138.91,3943.34
5352,1615.0,-0.64347,-0.6351885714285712,6.100747694467732,7.918335631070361,30.5,35.098571428571425,136.06,3943.34
5353,1615.5,-0.64347,-0.6351885714285712,6.100747694467732,7.918335631070361,30.5,35.098571428571425,136.06,3943.34
5354,1616.0,-0.65021,-0.6373142857142854,6.100747694467732,7.918335631070361,30.5,35.098571428571425,134.75,3974.54
5355,1616.5,-0.65875,-0.6408614285714284,6.100747694467732,7.918335631070361,30.5,35.098571428571425,136.66,3974.54
5356,1617.0,-0.66799,-0.6459757142857141,6.100747694467732,7.918335631070361,29.92,34.47714285714286,137.51,4128.8
5357,1617.5,-0.67829,-0.6526442857142855,6.30555084966411,7.680296292347275,29.92,34.47714285714286,137.51,4128.8
5358,1618.0,-0.68696,-0.6603999999999998,6.30555084966411,7.680296292347275,29.92,34.47714285714286,139.26,4180.17
5359,1618.5,-0.68696,-0.6603999999999998,6.30555084966411,7.680296292347275,29.92,34.47714285714286,139.26,4180.17
5360,1619.0,-0.69433,-0.6685714285714283,6.30555084966411,7.680296292347275,29.92,34.47714285714286,140.06,4180.17
5361,1619.5,-0.70002,-0.6766499999999998,6.30555084966411,7.680296292347275,28.05,33.441428571428574,138.64,4232.6
5362,1620.0,-0.70458,-0.6844171428571426,6.252201752991216,7.455589194830304,28.05,33.441428571428574,139.23,4232.6
5363,1620.5,-0.70653,-0.6912428571428569,6.252201752991216,7.455589194830304,28.05,33.441428571428574,137.08,4155.87
5364,1621.0,-0.70883,-0.6970771428571425,6.252201752991216,7.455589194830304,28.05,33.441428571428574,137.08,4155.87
5365,1621.5,-0.70883,-0.6970771428571425,6.252201752991216,7.455589194830304,28.05,33.441428571428574,137.67,4155.87
5366,1622.0,-0.71169,-0.7018485714285712,6.252201752991216,7.455589194830304,28.05,33.441428571428574,138.44,4229.88
5367,1622.5,-0.71433,-0.7057585714285712,-4.275785717076792,5.6334147787633,26.7,31.947142857142858,139.9,4229.88
5368,1623.0,-0.71476,-0.7086771428571426,-4.275785717076792,5.6334147787633,26.7,31.947142857142858,142.31,4166.46
5369,1623.5,-0.71261,-0.710475714285714,-4.275785717076792,5.6334147787633,26.7,31.947142857142858,145.73,4166.46
5370,1624.0,-0.70859,-0.7110485714285711,-4.275785717076792,5.6334147787633,26.7,31.947142857142858,145.73,4166.46
5371,1624.5,-0.70859,-0.7110485714285711,-4.275785717076792,5.6334147787633,26.7,31.947142857142858,142.01,4352.33
5372,1625.0,-0.70166,-0.7103528571428568,-4.630690256625671,3.786755256567735,26.56,30.13285714285714,145.04,4352.33
5373,1625.5,-0.69313,-0.7081099999999997,-4.630690256625671,3.786755256567735,26.56,30.13285714285714,146.53,4327.15
5374,1626.0,-0.68427,-0.7041928571428568,-4.630690256625671,3.786755256567735,26.56,30.13285714285714,148.21,4327.15
5375,1626.5,-0.67566,-0.6986685714285711,-4.630690256625671,3.786755256567735,26.56,30.13285714285714,148.5,4395.27
5376,1627.0,-0.67566,-0.6986685714285711,-4.630690256625671,3.786755256567735,26.56,30.13285714285714,148.5,4395.27
5377,1627.5,-0.6683,-0.6920314285714283,-4.630690256625671,3.786755256567735,26.23,28.74285714285714,149.52,4395.27
5378,1628.0,-0.66149,-0.6847285714285711,-4.543093765598004,1.9644186703391124,26.23,28.74285714285714,147.78,4467.99
5379,1628.5,-0.65675,-0.6773228571428568,-4.543093765598004,1.9644186703391124,26.23,28.74285714285714,148.55,4467.99
5380,1629.0,-0.65415,-0.670535714285714,-4.543093765598004,1.9644186703391124,26.23,28.74285714285714,150.55,4509.38
5381,1629.5,-0.65517,-0.6651128571428568,-4.543093765598004,1.9644186703391124,26.23,28.74285714285714,149.46,4509.38
5382,1630.0,-0.65517,-0.6651128571428568,-4.543093765598004,1.9644186703391124,26.23,28.74285714285714,149.46,4509.38
5383,1630.5,-0.65697,-0.6612128571428568,3.4126087866907056,1.2316484777876144,25.35,27.615714285714287,148.18,4458.57
5384,1631.0,-0.66071,-0.6590771428571426,3.4126087866907056,1.2316484777876144,25.35,27.615714285714287,148.4,4458.57
5385,1631.5,-0.66468,-0.6585599999999997,3.4126087866907056,1.2316484777876144,25.35,27.615714285714287,149.17,4455.47
5386,1632.0,-0.66737,-0.6593999999999998,3.4126087866907056,1.2316484777876144,25.35,27.615714285714287,146.91,4455.47
5387,1632.5,-0.66892,-0.6611385714285712,3.4126087866907056,1.2316484777876144,24.39,26.74285714285714,145.35,4391.35
5388,1633.0,-0.66892,-0.6611385714285712,4.186758120367457,0.9582213957732894,24.39,26.74285714285714,145.35,4391.35
5389,1633.5,-0.66928,-0.6632999999999998,4.186758120367457,0.9582213957732894,24.39,26.74285714285714,141.88,4391.35
5390,1634.0,-0.66696,-0.6649842857142856,4.186758120367457,0.9582213957732894,24.39,26.74285714285714,145.03,4544.91
5391,1634.5,-0.66032,-0.665462857142857,4.186758120367457,0.9582213957732894,24.39,26.74285714285714,144.13,4544.91
5392,1635.0,-0.64618,-0.6633871428571426,4.186758120367457,0.9582213957732894,24.39,26.74285714285714,147.69,4697.54
5393,1635.5,-0.62418,-0.6576014285714284,4.186758120367457,0.9582213957732894,24.52,25.97142857142857,147.69,4697.54
5394,1636.0,-0.62418,-0.6576014285714284,4.271316645091088,0.6676165094057142,24.52,25.97142857142857,149.3,4697.54
5395,1636.5,-0.59613,-0.6474242857142855,4.271316645091088,0.6676165094057142,24.52,25.97142857142857,147.33,4697.95
5396,1637.0,-0.56744,-0.6329271428571427,4.271316645091088,0.6676165094057142,24.52,25.97142857142857,148.36,4697.95
5397,1637.5,-0.5422,-0.6147728571428569,4.271316645091088,0.6676165094057142,24.52,25.97142857142857,150.53,4538.44
5398,1638.0,-0.52693,-0.5947685714285713,4.271316645091088,0.6676165094057142,23.63,25.34,154.35,4538.44
5399,1638.5,-0.52765,-0.5758157142857142,3.9059862979293394,0.3324428729683028,23.63,25.34,154.35,4538.44
5400,1639.0,-0.52765,-0.5758157142857142,3.9059862979293394,0.3324428729683028,23.63,25.34,148.86,4620.65
5401,1639.5,-0.53648,-0.5601442857142855,3.9059862979293394,0.3324428729683028,23.63,25.34,150.83,4620.65
5402,1640.0,-0.55006,-0.5495557142857141,3.9059862979293394,0.3324428729683028,23.63,25.34,148.52,4766.19
5403,1640.5,-0.56219,-0.5447071428571427,3.9059862979293394,0.3324428729683028,23.11,24.82714285714286,148.19,4766.19
5404,1641.0,-0.56819,-0.5448142857142855,4.570248937788745,1.5961621093776652,23.11,24.82714285714286,142.26,4662.84
5405,1641.5,-0.56819,-0.5448142857142855,4.570248937788745,1.5961621093776652,23.11,24.82714285714286,142.26,4662.84
5406,1642.0,-0.56596,-0.5482085714285712,4.570248937788745,1.5961621093776652,23.11,24.82714285714286,142.1,4662.84
5407,1642.5,-0.55683,-0.5524799999999999,4.570248937788745,1.5961621093776652,23.11,24.82714285714286,143.63,4431.86
5408,1643.0,-0.53982,-0.5542185714285712,4.570248937788745,1.5961621093776652,23.11,24.82714285714286,143.13,4431.86
5409,1643.5,-0.5171,-0.5514499999999998,4.907161114966458,2.9587123053193976,22.42,24.23571428571429,139.01,4418.65
5410,1644.0,-0.48421,-0.5420428571428569,4.907161114966458,2.9587123053193976,22.42,24.23571428571429,138.25,4418.65
5411,1644.5,-0.48421,-0.5420428571428569,4.907161114966458,2.9587123053193976,22.42,24.23571428571429,138.25,4418.65
5412,1645.0,-0.44234,-0.5249214285714283,4.907161114966458,2.9587123053193976,22.42,24.23571428571429,138.23,4384.64
5413,1645.5,-0.39701,-0.5004671428571427,4.907161114966458,2.9587123053193976,22.42,24.23571428571429,136.87,4384.64
5414,1646.0,-0.35727,-0.4706542857142855,8.795534800423553,4.864230671893907,22.19,23.658571428571435,140.24,4204.32
5415,1646.5,-0.32901,-0.4381085714285712,8.795534800423553,4.864230671893907,22.19,23.658571428571435,134.91,4204.32
5416,1647.0,-0.31711,-0.4062928571428569,8.795534800423553,4.864230671893907,22.19,23.658571428571435,134.91,4204.32
5417,1647.5,-0.31711,-0.4062928571428569,8.795534800423553,4.864230671893907,22.19,23.658571428571435,133.44,4543.05
5418,1648.0,-0.31694,-0.3776985714285712,8.795534800423553,4.864230671893907,22.19,23.658571428571435,128.66,4543.05
5419,1648.5,-0.31973,-0.3542014285714283,8.795534800423553,4.864230671893907,22.4,23.23714285714286,132.38,4488.27
5420,1649.0,-0.31639,-0.3362085714285712,8.729515620827769,5.623788791056344,22.4,23.23714285714286,125.12,4488.27
5421,1649.5,-0.30027,-0.3223885714285712,8.729515620827769,5.623788791056344,22.4,23.23714285714286,120.75,4271.79
5422,1650.0,-0.27644,-0.3108414285714284,8.729515620827769,5.623788791056344,22.4,23.23714285714286,120.75,4271.79
5423,1650.5,-0.27644,-0.3108414285714284,8.729515620827769,5.623788791056344,22.4,23.23714285714286,119.99,4271.79
5424,1651.0,-0.25091,-0.2996842857142855,8.729515620827769,5.623788791056344,20.81,22.725714285714293,119.45,4123.35
5425,1651.5,-0.23132,-0.2874285714285713,8.435195574303298,6.230708427332893,20.81,22.725714285714293,113.67,4123.35
5426,1652.0,-0.21949,-0.2735071428571426,8.435195574303298,6.230708427332893,20.81,22.725714285714293,115.98,3901.35
5427,1652.5,-0.21302,-0.2582628571428569,8.435195574303298,6.230708427332893,20.81,22.725714285714293,118.51,3901.35
5428,1653.0,-0.21302,-0.2582628571428569,8.435195574303298,6.230708427332893,20.81,22.725714285714293,118.51,3901.35
5429,1653.5,-0.20264,-0.242012857142857,8.435195574303298,6.230708427332893,20.81,22.725714285714293,119.08,4108.55
5430,1654.0,-0.18363,-0.2253499999999998,9.728185142075896,7.010261069759294,20.28,22.120000000000005,116.03,4108.55
5431,1654.5,-0.15515,-0.208022857142857,9.728185142075896,7.010261069759294,20.28,22.120000000000005,113.77,3674.85
5432,1655.0,-0.12237,-0.1896599999999998,9.728185142075896,7.010261069759294,20.28,22.120000000000005,112.08,3674.85
5433,1655.5,-0.10057,-0.1709814285714284,9.728185142075896,7.010261069759294,20.28,22.120000000000005,112.08,3674.85
5434,1656.0,-0.10057,-0.1709814285714284,9.728185142075896,7.010261069759294,20.28,22.120000000000005,112.56,3825.32
5435,1656.5,-0.09453,-0.1531299999999999,10.22728417442634,7.9133036235445795,20.53,21.677142857142854,115.82,3825.32
5436,1657.0,-0.10518,-0.1377242857142856,10.22728417442634,7.9133036235445795,20.53,21.677142857142854,112.5,3863.17
5437,1657.5,-0.12993,-0.1273371428571428,10.22728417442634,7.9133036235445795,20.53,21.677142857142854,116.14,3863.17
5438,1658.0,-0.16103,-0.1241085714285713,10.22728417442634,7.9133036235445795,20.53,21.677142857142854,118.55,4130.28
5439,1658.5,-0.18695,-0.1286514285714284,10.22728417442634,7.9133036235445795,20.53,21.677142857142854,118.55,4130.28
5440,1659.0,-0.18695,-0.1286514285714284,10.22728417442634,7.9133036235445795,20.53,21.677142857142854,117.43,4130.28
5441,1659.5,-0.20363,-0.1402599999999999,11.100827660853875,8.846243441125313,22.03,21.522857142857145,116.47,4280.14
5442,1660.0,-0.21195,-0.1561714285714284,11.100827660853875,8.846243441125313,22.03,21.522857142857145,115.55,4280.14
5443,1660.5,-0.21066,-0.1727614285714284,11.100827660853875,8.846243441125313,22.03,21.522857142857145,113.04,4057.66
5444,1661.0,-0.20039,-0.186362857142857,11.100827660853875,8.846243441125313,22.03,21.522857142857145,113.62,4057.66
5445,1661.5,-0.1812,-0.1936871428571427,11.100827660853875,8.846243441125313,20.58,21.26,113.62,4057.66
5446,1662.0,-0.1812,-0.1936871428571427,11.559663978532065,9.796600993063256,20.58,21.26,110.22,4067.35
5447,1662.5,-0.15452,-0.1927571428571427,11.559663978532065,9.796600993063256,20.58,21.26,108.31,4067.35
5448,1663.0,-0.12137,-0.1833885714285713,11.559663978532065,9.796600993063256,20.58,21.26,107.07,3693.22
5449,1663.5,-0.08685,-0.1667057142857141,11.559663978532065,9.796600993063256,20.58,21.26,105.7,3693.22
5450,1664.0,-0.05598,-0.1444242857142856,11.559663978532065,9.796600993063256,20.44,21.01,102.45,3639.67
5451,1664.5,-0.05598,-0.1444242857142856,11.559663978532065,9.796600993063256,20.44,21.01,102.45,3639.67
5452,1665.0,-0.04007,-0.1200542857142855,12.790854486179354,10.367360948171228,20.44,21.01,100.99,3639.67
5453,1665.5,-0.04028,-0.0971814285714284,12.790854486179354,10.367360948171228,20.44,21.01,98.57,3752.76
5454,1666.0,-0.0569,-0.0794242857142856,12.790854486179354,10.367360948171228,20.44,21.01,93.17,3752.76
5455,1666.5,-0.08289,-0.0691914285714284,12.790854486179354,10.367360948171228,20.44,21.01,96.8,3770.56
5456,1667.0,-0.11344,-0.0680585714285713,12.790854486179354,10.367360948171228,22.07,20.96285714285714,94.22,3770.56
5457,1667.5,-0.11344,-0.0680585714285713,12.780603568291816,10.946087797808948,22.07,20.96285714285714,94.22,3770.56
5458,1668.0,-0.13928,-0.0755485714285713,12.780603568291816,10.946087797808948,22.07,20.96285714285714,97.89,3965.33
5459,1668.5,-0.1546,-0.0896371428571427,12.780603568291816,10.946087797808948,22.07,20.96285714285714,99.64,3965.33
5460,1669.0,-0.15994,-0.1067614285714284,12.780603568291816,10.946087797808948,22.07,20.96285714285714,102.9,4071.71
5461,1669.5,-0.16034,-0.123912857142857,12.780603568291816,10.946087797808948,22.65,21.22571428571428,107.09,4071.71
5462,1670.0,-0.16207,-0.1389371428571427,12.335401084783138,11.503260013591785,22.65,21.22571428571428,107.09,4071.71
5463,1670.5,-0.16207,-0.1389371428571427,12.335401084783138,11.503260013591785,22.65,21.22571428571428,106.33,3852.35
5464,1671.0,-0.17022,-0.151412857142857,12.335401084783138,11.503260013591785,22.65,21.22571428571428,107.11,3852.35
5465,1671.5,-0.18594,-0.1617699999999998,12.335401084783138,11.503260013591785,22.65,21.22571428571428,102.16,3839.49
5466,1672.0,-0.21037,-0.1719257142857141,12.335401084783138,11.503260013591785,22.82,21.58857142857143,99.56,3839.49
5467,1672.5,-0.24035,-0.1841757142857141,12.335401084783138,11.503260013591785,22.82,21.58857142857143,99.56,3839.49
5468,1673.0,-0.26955,-0.1998342857142855,13.547783171871762,12.048916874991194,22.82,21.58857142857143,105.18,3999.08
5469,1673.5,-0.26955,-0.1998342857142855,13.547783171871762,12.048916874991194,22.82,21.58857142857143,106.75,3999.08
5470,1674.0,-0.29526,-0.2191085714285713,13.547783171871762,12.048916874991194,22.82,21.58857142857143,106.2,4070.57
5471,1674.5,-0.31871,-0.2414857142857141,13.547783171871762,12.048916874991194,22.82,21.58857142857143,106.71,4070.57
5472,1675.0,-0.334,-0.264882857142857,13.547783171871762,12.048916874991194,23.4,21.99857142857143,106.7,4090.45
5473,1675.5,-0.33522,-0.2862085714285713,14.419744556917738,12.64783978677568,23.4,21.99857142857143,103.39,4090.45
5474,1676.0,-0.31811,-0.3015999999999999,14.419744556917738,12.64783978677568,23.4,21.99857142857143,103.39,4090.45
5475,1676.5,-0.31811,-0.3015999999999999,14.419744556917738,12.64783978677568,23.4,21.99857142857143,102.38,3970.05
5476,1677.0,-0.27921,-0.3071514285714284,14.419744556917738,12.64783978677568,23.4,21.99857142857143,100.97,3970.05
5477,1677.5,-0.22561,-0.3008742857142856,12.662480682013893,12.870933075512824,22.66,22.08857142857143,101.89,3861.6
5478,1678.0,-0.16869,-0.282792857142857,12.662480682013893,12.870933075512824,22.66,22.08857142857143,105.59,3861.6
5479,1678.5,-0.11807,-0.2541299999999998,12.662480682013893,12.870933075512824,22.66,22.08857142857143,106.85,3970.98
5480,1679.0,-0.11807,-0.2541299999999998,12.662480682013893,12.870933075512824,22.66,22.08857142857143,106.85,3970.98
5481,1679.5,-0.09824,-0.2204499999999998,12.662480682013893,12.870933075512824,22.66,22.08857142857143,106.85,3970.98
5482,1680.0,-0.10964,-0.1882242857142855,12.662480682013893,12.870933075512824,23.27,22.472857142857148,106.37,4105.03
5483,1680.5,-0.13735,-0.1624014285714285,12.698286038234112,13.033593369755977,23.27,22.472857142857148,108.53,4105.03
5484,1681.0,-0.17404,-0.1473771428571428,12.698286038234112,13.033593369755977,23.27,22.472857142857148,105.08,4133.51
5485,1681.5,-0.2064,-0.1446328571428571,12.698286038234112,13.033593369755977,23.27,22.472857142857148,104.4,4133.51
5486,1682.0,-0.2064,-0.1446328571428571,12.698286038234112,13.033593369755977,23.27,22.472857142857148,104.4,4133.51
5487,1682.5,-0.22386,-0.1525142857142857,12.698286038234112,13.033593369755977,23.27,22.472857142857148,106.46,4136.26
5488,1683.0,-0.22995,-0.1684971428571428,13.4436248320344,13.126846276306695,23.15,22.860000000000007,104.89,4136.26
5489,1683.5,-0.23245,-0.18767,13.4436248320344,13.126846276306695,23.15,22.860000000000007,104.27,4191.99
5490,1684.0,-0.23521,-0.2056085714285714,13.4436248320344,13.126846276306695,23.15,22.860000000000007,101.1,4191.99
5491,1684.5,-0.24083,-0.2203914285714286,13.4436248320344,13.126846276306695,23.15,22.860000000000007,101.1,4191.99
5492,1685.0,-0.24083,-0.2203914285714286,13.4436248320344,13.126846276306695,23.15,22.860000000000007,101.09,4282.38
5493,1685.5,-0.24831,-0.2310014285714285,14.60563882845108,13.387565599186589,24.01,23.137142857142862,101.99,4282.38
5494,1686.0,-0.25167,-0.2374685714285714,14.60563882845108,13.387565599186589,24.01,23.137142857142862,101.92,4409.6
5495,1686.5,-0.25127,-0.2413842857142856,14.60563882845108,13.387565599186589,24.01,23.137142857142862,102.6,4409.6
5496,1687.0,-0.25013,-0.2442671428571428,14.60563882845108,13.387565599186589,24.01,23.137142857142862,102.6,4409.6
5497,1687.5,-0.24934,-0.2466799999999999,14.60563882845108,13.387565599186589,24.76,23.43857142857144,103.33,4450.37
5498,1688.0,-0.24934,-0.2466799999999999,14.60563882845108,13.387565599186589,24.76,23.43857142857144,102.94,4450.37
5499,1688.5,-0.25426,-0.2494014285714285,15.069102956735852,13.778094438036977,24.76,23.43857142857144,99.08,4505.41
5500,1689.0,-0.26863,-0.2533728571428571,15.069102956735852,13.778094438036977,24.76,23.43857142857144,101.29,4505.41
5501,1689.5,-0.28722,-0.2589314285714285,15.069102956735852,13.778094438036977,24.76,23.43857142857144,101.73,4582.24
5502,1690.0,-0.30564,-0.2666414285714285,15.069102956735852,13.778094438036977,24.76,23.43857142857144,99.81,4582.24
5503,1690.5,-0.30564,-0.2666414285714285,15.069102956735852,13.778094438036977,24.76,23.43857142857144,99.81,4582.24
5504,1691.0,-0.32313,-0.2769071428571428,14.884901417742975,13.969111330304292,24.16,23.63000000000001,96.53,4464.06
5505,1691.5,-0.33667,-0.2892699999999999,14.884901417742975,13.969111330304292,24.16,23.63000000000001,95.37,4464.06
5506,1692.0,-0.34701,-0.303222857142857,14.884901417742975,13.969111330304292,24.16,23.63000000000001,93.77,4405.72
5507,1692.5,-0.35701,-0.3179014285714285,14.884901417742975,13.969111330304292,24.16,23.63000000000001,95.22,4405.72
5508,1693.0,-0.36693,-0.3319442857142856,14.884901417742975,13.969111330304292,23.93,23.705714285714294,94.85,4457.5
5509,1693.5,-0.36693,-0.3319442857142856,14.6717733344891,14.005115441385914,23.93,23.705714285714294,94.85,4457.5
5510,1694.0,-0.37398,-0.3443385714285713,14.6717733344891,14.005115441385914,23.93,23.705714285714294,94.37,4457.5
5511,1694.5,-0.3751,-0.3542614285714285,14.6717733344891,14.005115441385914,23.93,23.705714285714294,92.96,4320.05
5512,1695.0,-0.36817,-0.3606957142857143,14.6717733344891,14.005115441385914,23.93,23.705714285714294,91.43,4320.05
5513,1695.5,-0.35369,-0.3631271428571428,14.6717733344891,14.005115441385914,22.78,23.722857142857148,88.69,4308.49
5514,1696.0,-0.33819,-0.3618671428571428,14.6717733344891,14.005115441385914,22.78,23.722857142857148,88.69,4308.49
5515,1696.5,-0.33819,-0.3618671428571428,14.14509198857513,14.216917056608947,22.78,23.722857142857148,84.79,4308.49
5516,1697.0,-0.32655,-0.3575157142857142,14.14509198857513,14.216917056608947,22.78,23.722857142857148,87.61,4224.15
5517,1697.5,-0.32321,-0.3512699999999999,14.14509198857513,14.216917056608947,22.78,23.722857142857148,83.24,4224.15
5518,1698.0,-0.33002,-0.34499,14.14509198857513,14.216917056608947,22.78,23.722857142857148,84.37,4358.35
5519,1698.5,-0.34419,-0.3405742857142856,14.14509198857513,14.216917056608947,23.51,23.757142857142863,87.63,4358.35
5520,1699.0,-0.36065,-0.3395,14.328731888607694,14.449837892376603,23.51,23.757142857142863,87.63,4358.35
5521,1699.5,-0.36065,-0.3395,14.328731888607694,14.449837892376603,23.51,23.757142857142863,87.99,4514.03
5522,1700.0,-0.37501,-0.3425457142857143,14.328731888607694,14.449837892376603,23.51,23.757142857142863,90.04,4514.03
5523,1700.5,-0.38722,-0.3495499999999999,14.328731888607694,14.449837892376603,23.51,23.757142857142863,89.8,4594.64
5524,1701.0,-0.39623,-0.3595042857142856,14.328731888607694,14.449837892376603,24.35,23.928571428571438,92.99,4594.64
5525,1701.5,-0.40621,-0.3713614285714285,13.9441881556324,14.52134693860489,24.35,23.928571428571438,94.54,4719.18
5526,1702.0,-0.40621,-0.3713614285714285,13.9441881556324,14.52134693860489,24.35,23.928571428571438,94.54,4719.18
5527,1702.5,-0.4182,-0.3839585714285713,13.9441881556324,14.52134693860489,24.35,23.928571428571438,99.15,4719.18
5528,1703.0,-0.4324,-0.3965599999999999,13.9441881556324,14.52134693860489,24.35,23.928571428571438,98.475,4769.82
5529,1703.5,-0.44653,-0.4088285714285714,13.9441881556324,14.52134693860489,24.35,23.928571428571438,98.88,4769.82
5530,1704.0,-0.46034,-0.4210185714285713,13.86395480432876,14.415392078015984,25.01,24.07142857142858,96.29,4783.84
5531,1704.5,-0.47253,-0.4332057142857142,13.86395480432876,14.415392078015984,25.01,24.07142857142858,96.52,4783.84
5532,1705.0,-0.47253,-0.4332057142857142,13.86395480432876,14.415392078015984,25.01,24.07142857142858,96.52,4783.84
5533,1705.5,-0.48196,-0.445452857142857,13.86395480432876,14.415392078015984,25.01,24.07142857142858,94.09,4890.96
5534,1706.0,-0.48943,-0.4573414285714284,13.86395480432876,14.415392078015984,25.01,24.07142857142858,93.78,4890.96
5535,1706.5,-0.49538,-0.4683671428571427,13.86395480432876,14.415392078015984,26.14,24.26857142857144,96.07,5026.62
5536,1707.0,-0.49917,-0.4779057142857142,15.638652612706398,14.496756314583209,26.14,24.26857142857144,93.85,5026.62
5537,1707.5,-0.50195,-0.485822857142857,15.638652612706398,14.496756314583209,26.14,24.26857142857144,92.76,5088.79
5538,1708.0,-0.50195,-0.485822857142857,15.638652612706398,14.496756314583209,26.14,24.26857142857144,92.76,5088.79
5539,1708.5,-0.50438,-0.4921142857142856,15.638652612706398,14.496756314583209,26.14,24.26857142857144,93.87,5088.79
5540,1709.0,-0.50695,-0.4970314285714284,15.638652612706398,14.496756314583209,27.02,24.67714285714286,94.47,5123.68
5541,1709.5,-0.51091,-0.5011671428571427,16.123681973723528,14.673724965437572,27.02,24.67714285714286,95.73,5123.68
5542,1710.0,-0.51409,-0.5046899999999999,16.123681973723528,14.673724965437572,27.02,24.67714285714286,92.94,5234.17
5543,1710.5,-0.51451,-0.5074228571428571,16.123681973723528,14.673724965437572,27.02,24.67714285714286,92.94,5234.17
5544,1711.0,-0.51451,-0.5074228571428571,16.123681973723528,14.673724965437572,27.02,24.67714285714286,93.98,5234.17
5545,1711.5,-0.51138,-0.5091671428571428,16.123681973723528,14.673724965437572,27.02,24.67714285714286,94.62,5204.35
5546,1712.0,-0.50589,-0.5097299999999999,16.716336978083582,14.965805485951067,26.5,25.044285714285724,91.39,5204.35
5547,1712.5,-0.49988,-0.5090871428571427,16.716336978083582,14.965805485951067,26.5,25.044285714285724,90.29,4967.24
5548,1713.0,-0.49696,-0.5076599999999999,16.716336978083582,14.965805485951067,26.5,25.044285714285724,89.15,4967.24
5549,1713.5,-0.50173,-0.5063485714285713,16.716336978083582,14.965805485951067,26.5,25.044285714285724,89.15,4967.24
5550,1714.0,-0.50173,-0.5063485714285713,16.716336978083582,14.965805485951067,26.5,25.044285714285724,88.24,5127.8
5551,1714.5,-0.51272,-0.506152857142857,16.9502120362155,15.366536921328263,26.93,25.637142857142862,89.84,5127.8
5552,1715.0,-0.52678,-0.5079057142857141,16.9502120362155,15.366536921328263,26.93,25.637142857142862,90.12,5303.26
5553,1715.5,-0.53948,-0.5119199999999998,16.9502120362155,15.366536921328263,26.93,25.637142857142862,91.39,5303.26
5554,1716.0,-0.54826,-0.5179728571428569,16.9502120362155,15.366536921328263,26.93,25.637142857142862,91.38,5277.5
5555,1716.5,-0.54826,-0.5179728571428569,16.9502120362155,15.366536921328263,26.93,25.637142857142862,91.38,5277.5
5556,1717.0,-0.55001,-0.5251342857142856,16.9502120362155,15.366536921328263,27.64,26.227142857142866,90.45,5277.5
5557,1717.5,-0.54839,-0.5324814285714284,17.19931665187899,15.776620458938453,27.64,26.227142857142866,91.5,5431.61
5558,1718.0,-0.54532,-0.5387085714285712,17.19931665187899,15.776620458938453,27.64,26.227142857142866,94.67,5431.61
5559,1718.5,-0.54365,-0.5431271428571427,17.19931665187899,15.776620458938453,27.64,26.227142857142866,93.96,5460.49
5560,1719.0,-0.54423,-0.5456199999999998,17.19931665187899,15.776620458938453,27.64,26.227142857142866,91.78,5460.49
5561,1719.5,-0.54423,-0.5456199999999998,17.19931665187899,15.776620458938453,27.64,26.227142857142866,91.78,5460.49
5562,1720.0,-0.54483,-0.5463842857142855,15.893802473063648,16.055136790000056,28.06,26.757142857142863,92.56,5615.34
5563,1720.5,-0.54167,-0.545442857142857,15.893802473063648,16.055136790000056,28.06,26.757142857142863,93.94,5615.34
5564,1721.0,-0.53464,-0.5432471428571427,15.893802473063648,16.055136790000056,28.06,26.757142857142863,92.92,5459.09
5565,1721.5,-0.52482,-0.5398799999999998,15.893802473063648,16.055136790000056,28.06,26.757142857142863,92.99,5459.09
5566,1722.0,-0.51421,-0.5354357142857141,15.893802473063648,16.055136790000056,27.55,27.120000000000005,92.99,5459.09
5567,1722.5,-0.51421,-0.5354357142857141,15.508403088480406,16.290057973450292,27.55,27.120000000000005,98.28,5344.15
5568,1723.0,-0.50679,-0.5301699999999998,15.508403088480406,16.290057973450292,27.55,27.120000000000005,96.26,5344.15
5569,1723.5,-0.50863,-0.5250842857142856,15.508403088480406,16.290057973450292,27.55,27.120000000000005,97.44,5634.6
5570,1724.0,-0.51545,-0.5208871428571427,15.508403088480406,16.290057973450292,27.55,27.120000000000005,98.39,5634.6
5571,1724.5,-0.52528,-0.518545714285714,15.508403088480406,16.290057973450292,28.07,27.39571428571429,96.49,5408.43
5572,1725.0,-0.53727,-0.5189214285714284,15.508403088480406,16.290057973450292,28.07,27.39571428571429,96.49,5408.43
5573,1725.5,-0.53727,-0.5189214285714284,15.476915284106166,16.266952640793114,28.07,27.39571428571429,99.56,5408.43
5574,1726.0,-0.54679,-0.5220599999999997,15.476915284106166,16.266952640793114,28.07,27.39571428571429,100.41,5702.55
5575,1726.5,-0.55277,-0.5275685714285713,15.476915284106166,16.266952640793114,28.07,27.39571428571429,98.88,5702.55
5576,1727.0,-0.55586,-0.5345785714285712,15.476915284106166,16.266952640793114,28.07,27.39571428571429,98.57,5751.07
5577,1727.5,-0.55583,-0.5413214285714284,15.476915284106166,16.266952640793114,28.92,27.667142857142863,95.55,5751.07
5578,1728.0,-0.55583,-0.5413214285714284,16.826218326513757,16.367314976906005,28.92,27.667142857142863,95.55,5751.07
5579,1728.5,-0.55484,-0.5469485714285713,16.826218326513757,16.367314976906005,28.92,27.667142857142863,93.7,5864.67
5580,1729.0,-0.5552,-0.551222857142857,16.826218326513757,16.367314976906005,28.92,27.667142857142863,93.87,5864.67
5581,1729.5,-0.55531,-0.5537999999999998,16.826218326513757,16.367314976906005,28.92,27.667142857142863,92.14,5728.8
5582,1730.0,-0.5566,-0.5552014285714284,16.826218326513757,16.367314976906005,29.61,28.11142857142858,90.84,5728.8
5583,1730.5,-0.55964,-0.5561828571428571,17.680049898644846,16.5049882512719,29.61,28.11142857142858,92.49,5870.62
5584,1731.0,-0.55964,-0.5561828571428571,17.680049898644846,16.5049882512719,29.61,28.11142857142858,92.49,5870.62
5585,1731.5,-0.5624,-0.5571171428571428,17.680049898644846,16.5049882512719,29.61,28.11142857142858,90.08,5870.62
5586,1732.0,-0.56293,-0.5581314285714285,17.680049898644846,16.5049882512719,29.61,28.11142857142858,90.39,6032.38
5587,1732.5,-0.56283,-0.559272857142857,17.680049898644846,16.5049882512719,30.01,28.55142857142858,93.97,6032.38
5588,1733.0,-0.56357,-0.5604685714285713,17.795548996951172,16.625750674234137,30.01,28.55142857142858,94.39,6051.09
5589,1733.5,-0.56566,-0.5619471428571428,17.795548996951172,16.625750674234137,30.01,28.55142857142858,94.39,6051.09
5590,1734.0,-0.56566,-0.5619471428571428,17.795548996951172,16.625750674234137,30.01,28.55142857142858,90.15,6051.09
5591,1734.5,-0.56974,-0.5638242857142857,17.795548996951172,16.625750674234137,30.01,28.55142857142858,88.31,5970.84
5592,1735.0,-0.57931,-0.5666342857142856,17.795548996951172,16.625750674234137,30.01,28.55142857142858,87.1,5970.84
5593,1735.5,-0.59152,-0.5707942857142856,17.795548996951172,16.625750674234137,29.86,28.86857142857144,87.29,5942.47
5594,1736.0,-0.60621,-0.5769771428571427,18.19602502620424,16.768137584852035,29.86,28.86857142857144,85.46,5996.66
5595,1736.5,-0.61906,-0.5850099999999999,18.19602502620424,16.768137584852035,29.86,28.86857142857144,85.46,5996.66
5596,1737.0,-0.61906,-0.5850099999999999,18.19602502620424,16.768137584852035,29.86,28.86857142857144,87.19,5996.66
5597,1737.5,-0.62879,-0.5943271428571428,18.19602502620424,16.768137584852035,29.86,28.86857142857144,87.22,6040.53
5598,1738.0,-0.63344,-0.6040099999999999,18.19602502620424,16.768137584852035,30.18,29.171428571428574,87.76,6040.53
5599,1738.5,-0.63096,-0.6127557142857142,17.169195260975634,16.950336554553747,30.18,29.171428571428574,89.27,6114.63
5600,1739.0,-0.62271,-0.6189557142857142,17.169195260975634,16.950336554553747,30.18,29.171428571428574,89.15,6114.63
5601,1739.5,-0.62271,-0.6189557142857142,17.169195260975634,16.950336554553747,30.18,29.171428571428574,89.15,6114.63
5602,1740.0,-0.60858,-0.6213928571428571,17.169195260975634,16.950336554553747,30.18,29.171428571428574,89.61,5954.5
5603,1740.5,-0.59095,-0.6192128571428571,17.169195260975634,16.950336554553747,30.18,29.171428571428574,92.43,5954.5
5604,1741.0,,,16.643405757511108,17.112455022530504,29.21,29.408571428571435,90.53,5759.65
